scene,pair,config,grid,optimizer,steps,reg_scale,cap,train_n,held_n,initial_train_canvas_mean,train_forward_mean,train_canvas_mean,initial_held_canvas_mean,held_canvas_mean,aligned_n,aligned_canvas_mean,raw_final_structurally_valid,reverted_to_last_feasible,train_invalid,held_invalid,seconds,max_displacement,triangle_fold_fraction,sampled_fold_fraction,det_p05,det_min,anisotropy_p95,triangle_area_ratio,overlap_pixels,overlap_retention
courtyard,DSC_0317_DSC_0318,adam150_baseline,13,adam,150,1.0,128.0,341,127,126.69026947021484,100.58151245117188,108.75318145751953,104.1822280883789,84.2140884399414,0,,False,True,0.0,0.0,2.5496593250427395,39.731544494628906,0.0,0.0,1.05537748336792,0.0034940317273139954,1.7303979396820068,0.9926938414573669,214288,1.0010136823764078
courtyard,DSC_0317_DSC_0318,adam600,13,adam,600,1.0,128.0,341,127,126.69026947021484,100.58151245117188,108.75318145751953,104.1822280883789,84.2140884399414,0,,False,True,0.0,0.0,6.727997052017599,39.731544494628906,0.0,0.0,1.05537748336792,0.0034940317273139954,1.7303979396820068,0.9926938414573669,214288,1.0010136823764078
courtyard,DSC_0317_DSC_0318,lbfgs300,13,lbfgs,300,1.0,128.0,341,127,126.69026947021484,12.243968963623047,16.26283836364746,104.1822280883789,18.832345962524414,0,,False,True,0.0,0.0,3.5809762469725683,139.49508666992188,0.0,0.0,0.8964576721191406,0.21292273700237274,2.3321712017059326,0.9846718311309814,237573,1.1097860055775888
courtyard,DSC_0317_DSC_0318,reg_0,13,adam,300,0.0,128.0,341,127,126.69026947021484,42.88132095336914,117.4854736328125,104.1822280883789,93.93623352050781,0,,False,False,0.32844576239585876,0.30708661675453186,3.085372549947351,74.36687469482422,0.125,0.3371913433074951,-6.385388374328613,-155.6208953857422,35.95758819580078,1.1067836284637451,227247,1.0615496727721176
courtyard,DSC_0317_DSC_0318,reg_0.1,13,adam,300,0.1,128.0,341,127,126.69026947021484,35.80815505981445,112.63468933105469,104.1822280883789,78.70205688476562,0,,False,False,0.13782991468906403,0.25196850299835205,3.008142196922563,89.23079681396484,0.0347222238779068,0.15817901492118835,-1.0368610620498657,-4.4372758865356445,48.28217315673828,0.9866407513618469,233779,1.0920629137062003
courtyard,DSC_0317_DSC_0318,reg_1,13,adam,300,1.0,128.0,341,127,126.69026947021484,54.940284729003906,64.18709564208984,104.1822280883789,55.38483428955078,0,,False,False,0.01173020526766777,0.007874015718698502,2.9967200220562518,109.47515869140625,0.0034722222480922937,0.010802469216287136,0.3780263066291809,-0.3594527840614319,6.980790138244629,0.9669848084449768,224755,1.0499086751591762
courtyard,DSC_0317_DSC_0318,reg_10,13,adam,300,10.0,128.0,341,127,126.69026947021484,90.52291870117188,100.432861328125,104.1822280883789,82.78604125976562,0,,True,False,0.0,0.0,2.9632615079171956,42.51203536987305,0.0,0.0,1.1555255651474,1.0922049283981323,1.2781540155410767,1.049588680267334,230274,1.0756898412209033
courtyard,DSC_0317_DSC_0318,cap_16,13,adam,300,1.0,16.0,341,127,126.69026947021484,106.62818145751953,113.51336669921875,104.1822280883789,90.19059753417969,0,,True,False,0.0,0.0,2.972594523918815,22.62742805480957,0.0,0.0,1.1693921089172363,0.9518899917602539,1.3866077661514282,1.0040397644042969,217656,1.0167467802738344
courtyard,DSC_0317_DSC_0318,cap_32,13,adam,300,1.0,32.0,341,127,126.69026947021484,100.58151245117188,108.75318145751953,104.1822280883789,84.2140884399414,0,,False,True,0.0,0.0,3.007613755064085,39.731544494628906,0.0,0.0,1.05537748336792,0.0034940317273139954,1.7303979396820068,0.9926938414573669,214288,1.0010136823764078
courtyard,DSC_0317_DSC_0318,cap_64,13,adam,300,1.0,64.0,341,127,126.69026947021484,100.58151245117188,108.75318145751953,104.1822280883789,84.2140884399414,0,,False,True,0.0,0.0,2.949009992997162,39.731544494628906,0.0,0.0,1.05537748336792,0.0034940317273139954,1.7303979396820068,0.9926938414573669,214288,1.0010136823764078
courtyard,DSC_0317_DSC_0318,fine25_adam600,25,adam,600,1.0,128.0,341,127,126.69026947021484,112.8614501953125,124.09150695800781,104.1822280883789,99.87672424316406,0,,False,True,0.0,0.0,32.30266147502698,8.886313438415527,0.0,0.0,0.906416654586792,0.034804899245500565,2.377598762512207,1.0124248266220093,211305,0.9870790532113177
electro,DSC_9302_DSC_9303,adam150_baseline,13,adam,150,1.0,128.0,76,28,24.659740447998047,4.204699516296387,6.270457744598389,17.313283920288086,16.809858322143555,5,22.325225830078125,True,False,0.0,0.0,1.4532313259551302,53.235267639160156,0.0,0.0,1.0473871231079102,0.07530117779970169,3.738128185272217,0.8898646831512451,202876,0.8886844687412392
electro,DSC_9302_DSC_9303,adam600,13,adam,600,1.0,128.0,76,28,24.659740447998047,0.7810888886451721,0.6441278457641602,17.313283920288086,6.677079200744629,5,5.639861106872559,True,False,0.0,0.0,5.843777911039069,58.8170051574707,0.0,0.0,1.258756160736084,0.3089144825935364,2.1777710914611816,0.8566493988037109,195302,0.8555070787776843
electro,DSC_9302_DSC_9303,lbfgs300,13,lbfgs,300,1.0,128.0,76,28,24.659740447998047,0.776323676109314,0.8246971368789673,17.313283920288086,6.045350074768066,5,4.529504299163818,True,False,0.0,0.0,2.001877721049823,54.78929901123047,0.0,0.0,1.173697829246521,0.21707181632518768,2.473315715789795,0.8629388809204102,196739,0.8618017591813849
electro,DSC_9302_DSC_9303,reg_0,13,adam,300,0.0,128.0,76,28,24.659740447998047,0.5479788780212402,11.254837989807129,17.313283920288086,28.68598747253418,5,17.32526969909668,False,False,0.18421052396297455,0.0357142873108387,2.9160381590481848,53.53477096557617,0.0625,0.2114197462797165,-7.4095940589904785,-91.31851959228516,36.80680847167969,1.0345960855484009,232755,1.0195673885618166
electro,DSC_9302_DSC_9303,reg_0.1,13,adam,300,0.1,128.0,76,28,24.659740447998047,1.322232723236084,8.217301368713379,17.313283920288086,23.670949935913086,5,25.37078857421875,False,False,0.01315789483487606,0.0357142873108387,2.9137182250851765,69.13213348388672,0.013888888992369175,0.028549382463097572,0.3946065306663513,-1.7416225671768188,7.08494234085083,0.9061404466629028,205580,0.9005291561536305
electro,DSC_9302_DSC_9303,reg_1,13,adam,300,1.0,128.0,76,28,24.659740447998047,0.8774609565734863,0.7365303635597229,17.313283920288086,5.964197635650635,5,4.87971305847168,True,False,0.0,0.0,2.9257207079790533,59.56571960449219,0.0,0.0,1.268734097480774,0.6304017901420593,2.0366854667663574,0.8546236753463745,194828,0.8534307541351276
electro,DSC_9302_DSC_9303,reg_10,13,adam,300,10.0,128.0,76,28,24.659740447998047,12.544966697692871,12.710334777832031,17.313283920288086,11.14940357208252,5,3.6320178508758545,True,False,0.0,0.0,2.9151830070186406,21.76223373413086,0.0,0.0,1.3043873310089111,1.175352692604065,1.3698277473449707,0.9468905925750732,216002,0.9461820156994674
electro,DSC_9302_DSC_9303,cap_16,13,adam,300,1.0,16.0,76,28,24.659740447998047,8.07406234741211,10.876370429992676,17.313283920288086,19.22892189025879,5,23.616247177124023,True,False,0.0,0.0,2.9238707500044256,22.627422332763672,0.0,0.0,1.0400112867355347,0.01966908760368824,3.6352689266204834,0.93410325050354,212963,0.9328698836557331
electro,DSC_9302_DSC_9303,cap_32,13,adam,300,1.0,32.0,76,28,24.659740447998047,4.010014057159424,4.670780181884766,17.313283920288086,11.98743724822998,5,17.864192962646484,True,False,0.0,0.0,2.8827916349982843,45.25483322143555,0.0,0.0,1.2506858110427856,0.11913316696882248,3.257352828979492,0.8751562833786011,199526,0.8740100224278105
electro,DSC_9302_DSC_9303,cap_64,13,adam,300,1.0,64.0,76,28,24.659740447998047,0.8774609565734863,0.7365303635597229,17.313283920288086,5.964197635650635,5,4.87971305847168,True,False,0.0,0.0,2.8614502949640155,59.56571960449219,0.0,0.0,1.268734097480774,0.6304017901420593,2.0366854667663574,0.8546236753463745,194828,0.8534307541351276
electro,DSC_9302_DSC_9303,fine25_adam600,25,adam,600,1.0,128.0,76,28,24.659740447998047,17.51643180847168,19.932950973510742,17.313283920288086,17.60628318786621,5,2.433183431625366,False,True,0.0,0.0,40.47451463108882,9.824315071105957,0.0,0.0,1.1356779336929321,0.2636181712150574,2.191481590270996,0.9975570440292358,227762,0.997695892907205
courtyard,DSC_0315_DSC_0317,adam150_baseline,13,adam,150,1.0,128.0,381,157,42.64814758300781,9.850440979003906,9.799309730529785,72.24040222167969,42.91709899902344,0,,True,False,0.0,0.0,1.505326154991053,53.010040283203125,0.0,0.0,1.208870530128479,0.9543611407279968,2.1157145500183105,0.9463117718696594,133047,0.8939348128439257
courtyard,DSC_0315_DSC_0317,adam600,13,adam,600,1.0,128.0,381,157,42.64814758300781,1.4269256591796875,1.6022818088531494,72.24040222167969,25.08960723876953,0,,True,False,0.0,0.0,6.055876019061543,66.52827453613281,0.0,0.0,1.216453194618225,0.6483507752418518,2.210596799850464,0.9248323440551758,125401,0.8425617974508341
courtyard,DSC_0315_DSC_0317,lbfgs300,13,lbfgs,300,1.0,128.0,381,157,42.64814758300781,1.4228386878967285,1.6000255346298218,72.24040222167969,25.007177352905273,0,,True,False,0.0,0.0,1.69621082697995,66.60661315917969,0.0,0.0,1.2159603834152222,0.6501479744911194,2.2097156047821045,0.9249477982521057,125397,0.8425349216907541
courtyard,DSC_0315_DSC_0317,reg_0,13,adam,300,0.0,128.0,381,157,42.64814758300781,1.4254720211029053,4.553636074066162,72.24040222167969,44.63639831542969,0,,False,False,0.023622047156095505,0.15923567116260529,3.0626937239430845,63.450130462646484,0.0833333358168602,0.11651234328746796,-1.1850898265838623,-9.957853317260742,18.057565689086914,1.0566723346710205,192444,1.2930196932131988
courtyard,DSC_0315_DSC_0317,reg_0.1,13,adam,300,0.1,128.0,381,157,42.64814758300781,1.1390372514724731,1.6465295553207397,72.24040222167969,29.28338050842285,0,,False,False,0.0,0.1146496832370758,3.062556002056226,72.22396850585938,0.0034722222480922937,0.0015432098880410194,0.9617681503295898,-0.1984521895647049,4.8479533195495605,0.8692134022712708,122562,0.8234867267339905
courtyard,DSC_0315_DSC_0317,reg_1,13,adam,300,1.0,128.0,381,157,42.64814758300781,1.996187448501587,2.0799977779388428,72.24040222167969,28.849075317382812,0,,True,False,0.0,0.0,3.019604741013609,66.22540283203125,0.0,0.0,1.212738037109375,0.8605260848999023,2.274923801422119,0.9233688712120056,125651,0.8442415324558398
courtyard,DSC_0315_DSC_0317,reg_10,13,adam,300,10.0,128.0,381,157,42.64814758300781,10.30510425567627,10.780403137207031,72.24040222167969,41.98606872558594,0,,True,False,0.0,0.0,3.0127416780451313,42.0228157043457,0.0,0.0,1.2244055271148682,1.1445248126983643,1.7791905403137207,0.9657775163650513,136723,0.9186336363575283
courtyard,DSC_0315_DSC_0317,cap_16,13,adam,300,1.0,16.0,381,157,42.64814758300781,24.63287925720215,25.936786651611328,72.24040222167969,54.879825592041016,0,,True,False,0.0,0.0,3.0234292449895293,22.627416610717773,0.0,0.0,1.2052780389785767,1.0300642251968384,1.7380366325378418,0.9822283387184143,142808,0.9595183863793648
courtyard,DSC_0315_DSC_0317,cap_32,13,adam,300,1.0,32.0,381,157,42.64814758300781,8.470417022705078,9.34787654876709,72.24040222167969,38.01643753051758,0,,True,False,0.0,0.0,3.0064130959799513,45.25483322143555,0.0,0.0,1.1434348821640015,0.2105308324098587,2.911358594894409,0.952804446220398,135729,0.9119550099776259
courtyard,DSC_0315_DSC_0317,cap_64,13,adam,300,1.0,64.0,381,157,42.64814758300781,1.996187448501587,2.0799977779388428,72.24040222167969,28.849075317382812,0,,True,False,0.0,0.0,2.9835980689385906,66.22540283203125,0.0,0.0,1.212738037109375,0.8605260848999023,2.274923801422119,0.9233688712120056,125651,0.8442415324558398
courtyard,DSC_0315_DSC_0317,fine25_adam600,25,adam,600,1.0,128.0,381,157,42.64814758300781,31.624099731445312,34.378746032714844,72.24040222167969,62.62214660644531,0,,False,True,0.0,0.0,40.58453041804023,13.879725456237793,0.0,0.0,1.1758073568344116,0.2156885266304016,2.168200731277466,0.9939153790473938,148086,0.9949809518050432
