scene,pair,config,region,n,held_canvas_mean,inversion_failure
courtyard,DSC_0317_DSC_0318,adam150_baseline,training_cell_present,0,,
courtyard,DSC_0317_DSC_0318,adam150_baseline,training_cell_absent,127,84.2140884399414,0.0
courtyard,DSC_0317_DSC_0318,adam150_baseline,nearest_le_64,124,83.89852905273438,0.0
courtyard,DSC_0317_DSC_0318,adam150_baseline,nearest_gt_64,3,97.25732421875,0.0
courtyard,DSC_0317_DSC_0318,lbfgs300,training_cell_present,0,,
courtyard,DSC_0317_DSC_0318,lbfgs300,training_cell_absent,127,18.832345962524414,0.0
courtyard,DSC_0317_DSC_0318,lbfgs300,nearest_le_64,124,16.192140579223633,0.0
courtyard,DSC_0317_DSC_0318,lbfgs300,nearest_gt_64,3,127.96080780029297,0.0
courtyard,DSC_0317_DSC_0318,fine25_adam600,training_cell_present,0,,
courtyard,DSC_0317_DSC_0318,fine25_adam600,training_cell_absent,127,99.87672424316406,0.0
courtyard,DSC_0317_DSC_0318,fine25_adam600,nearest_le_64,124,100.0222396850586,0.0
courtyard,DSC_0317_DSC_0318,fine25_adam600,nearest_gt_64,3,93.86209869384766,0.0
electro,DSC_9302_DSC_9303,adam150_baseline,training_cell_present,0,,
electro,DSC_9302_DSC_9303,adam150_baseline,training_cell_absent,28,16.809858322143555,0.0
electro,DSC_9302_DSC_9303,adam150_baseline,nearest_le_64,27,15.636359214782715,0.0
electro,DSC_9302_DSC_9303,adam150_baseline,nearest_gt_64,1,48.494354248046875,0.0
electro,DSC_9302_DSC_9303,lbfgs300,training_cell_present,0,,
electro,DSC_9302_DSC_9303,lbfgs300,training_cell_absent,28,6.045350074768066,0.0
electro,DSC_9302_DSC_9303,lbfgs300,nearest_le_64,27,5.652153968811035,0.0
electro,DSC_9302_DSC_9303,lbfgs300,nearest_gt_64,1,16.66165542602539,0.0
electro,DSC_9302_DSC_9303,fine25_adam600,training_cell_present,0,,
electro,DSC_9302_DSC_9303,fine25_adam600,training_cell_absent,28,17.60628318786621,0.0
electro,DSC_9302_DSC_9303,fine25_adam600,nearest_le_64,27,17.034530639648438,0.0
electro,DSC_9302_DSC_9303,fine25_adam600,nearest_gt_64,1,33.04362869262695,0.0
courtyard,DSC_0315_DSC_0317,adam150_baseline,training_cell_present,0,,
courtyard,DSC_0315_DSC_0317,adam150_baseline,training_cell_absent,157,42.91709899902344,0.0
courtyard,DSC_0315_DSC_0317,adam150_baseline,nearest_le_64,138,40.860477447509766,0.0
courtyard,DSC_0315_DSC_0317,adam150_baseline,nearest_gt_64,19,57.854671478271484,0.0
courtyard,DSC_0315_DSC_0317,lbfgs300,training_cell_present,0,,
courtyard,DSC_0315_DSC_0317,lbfgs300,training_cell_absent,157,25.007177352905273,0.0
courtyard,DSC_0315_DSC_0317,lbfgs300,nearest_le_64,138,22.691082000732422,0.0
courtyard,DSC_0315_DSC_0317,lbfgs300,nearest_gt_64,19,41.8293342590332,0.0
courtyard,DSC_0315_DSC_0317,fine25_adam600,training_cell_present,0,,
courtyard,DSC_0315_DSC_0317,fine25_adam600,training_cell_absent,157,62.62214660644531,0.0
courtyard,DSC_0315_DSC_0317,fine25_adam600,nearest_le_64,138,61.08620071411133,0.0
courtyard,DSC_0315_DSC_0317,fine25_adam600,nearest_gt_64,19,73.77798461914062,0.0
