pair,group,held_canvas_mean,held_canvas_median,difficult_canvas_mean,aligned_canvas_mean,fold_fraction,triangle_area_ratio,overlap_pixels
DSC_9257_DSC_9258,A_baseline,11.470348358154297,9.935006141662598,15.967046737670898,1.9033830165863037,0.0,1.0,162892
DSC_9257_DSC_9258,B_residual,11.72846508026123,10.633878707885742,16.12755012512207,1.2516233921051025,0.0,0.9955412149429321,162321
DSC_9257_DSC_9258,C_reliability,12.229557037353516,12.067959785461426,15.852228164672852,2.3622286319732666,0.0,0.9737130403518677,157978
DSC_9257_DSC_9258,D_oracle_select,11.816110610961914,11.584890365600586,15.427441596984863,2.482799530029297,0.0,0.9808316230773926,158859
DSC_9257_DSC_9258,C_spatial_count_control,11.563567161560059,11.404670715332031,14.831920623779297,2.931572198867798,0.0,0.9724541902542114,158027
DSC_9257_DSC_9258,D_spatial_count_control,11.816110610961914,11.584890365600586,15.427441596984863,2.482799530029297,0.0,0.9808316230773926,158859
DSC_9264_DSC_9265,A_baseline,13.485931396484375,12.288829803466797,19.114341735839844,1.4645887613296509,0.0,1.0,152927
DSC_9264_DSC_9265,B_residual,12.081302642822266,10.734272956848145,17.21719741821289,1.9377206563949585,0.0,0.99991774559021,152587
DSC_9264_DSC_9265,C_reliability,11.723065376281738,10.473987579345703,16.45320701599121,2.1090567111968994,0.0,0.9791480898857117,147461
DSC_9264_DSC_9265,D_oracle_select,12.20617389678955,10.869091033935547,17.413022994995117,1.4725533723831177,0.0,0.9926077723503113,150891
DSC_9264_DSC_9265,C_spatial_count_control,11.583136558532715,10.017281532287598,16.352209091186523,1.8351292610168457,0.0,0.9840726256370544,148812
DSC_9264_DSC_9265,D_spatial_count_control,12.20617389678955,10.869091033935547,17.413022994995117,1.4725533723831177,0.0,0.9926077723503113,150891
DSC_9271_DSC_9272,A_baseline,10.169572830200195,8.091866493225098,17.454261779785156,1.8708499670028687,0.0,1.0,129882
DSC_9271_DSC_9272,B_residual,8.772354125976562,6.498715400695801,15.159770965576172,1.6072849035263062,0.0,0.9978454113006592,129213
DSC_9271_DSC_9272,C_reliability,6.785900115966797,4.900787353515625,10.788905143737793,1.694535255432129,0.0,0.9840783476829529,125019
DSC_9271_DSC_9272,D_oracle_select,5.846432209014893,5.238109111785889,8.17944049835205,2.0990359783172607,0.0,0.9610887765884399,121090
DSC_9271_DSC_9272,C_spatial_count_control,6.5274858474731445,4.832460403442383,10.398918151855469,1.5814933776855469,0.0,0.9795724153518677,123897
DSC_9271_DSC_9272,D_spatial_count_control,6.593961238861084,5.410689353942871,10.152386665344238,1.922831654548645,0.0,0.9684069156646729,122138
DSC_9293_DSC_9294,A_baseline,45.045345306396484,38.91600036621094,45.045345306396484,,0.0,1.0,199133
DSC_9293_DSC_9294,B_residual,45.03121566772461,38.77284622192383,45.03121566772461,,0.0,0.9991573095321655,199482
DSC_9293_DSC_9294,C_reliability,22.12152671813965,14.681407928466797,22.12152671813965,,0.0,0.9936329126358032,192899
DSC_9293_DSC_9294,D_oracle_select,24.39139747619629,17.485082626342773,24.39139747619629,,0.0,0.9974077343940735,193815
DSC_9293_DSC_9294,C_spatial_count_control,22.10248374938965,15.043461799621582,22.10248374938965,,0.0,0.9952591061592102,193223
DSC_9293_DSC_9294,D_spatial_count_control,24.39139747619629,17.485082626342773,24.39139747619629,,0.0,0.9974077343940735,193815
DSC_9302_DSC_9303,A_baseline,17.313283920288086,10.651535034179688,30.284143447875977,1.7619068622589111,0.0,1.0,228288
DSC_9302_DSC_9303,B_residual,16.671171188354492,10.700754165649414,29.984769821166992,1.0857864618301392,0.0,1.0060886144638062,229613
DSC_9302_DSC_9303,C_reliability,6.4441399574279785,4.680787086486816,10.197487831115723,1.703787088394165,0.0,0.8798915147781372,200685
DSC_9302_DSC_9303,D_oracle_select,16.809860229492188,15.54421615600586,16.29094123840332,22.325265884399414,0.0,0.8898646831512451,202876
DSC_9302_DSC_9303,C_spatial_count_control,7.334778308868408,5.730144500732422,11.881525993347168,3.2874112129211426,0.0,0.8809157609939575,200952
DSC_9302_DSC_9303,D_spatial_count_control,16.809860229492188,15.54421615600586,16.29094123840332,22.325265884399414,0.0,0.8898646831512451,202876
