source,target,frame_offset,baseline_m,sampled,valid_source,evaluable,valid_source_fraction,evaluable_grid_fraction,evaluable_valid_source_fraction,target_depth_missing,occluded,depth_inconsistent,outside
DSC_0259.JPG,DSC_0260.JPG,1,0.6340163691687133,23814,5197,2109,0.21823297220122617,0.08856135046611237,0.40581104483355784,840,0,0,2248
DSC_0260.JPG,DSC_0261.JPG,1,0.7107433439532317,23814,3510,1207,0.1473922902494331,0.05068447131939195,0.3438746438746439,752,1,0,1550
DSC_0261.JPG,DSC_0262.JPG,1,0.803471195473119,23814,2923,1220,0.12274292433022592,0.05123036869068615,0.41737940472117685,782,0,0,921
DSC_0262.JPG,DSC_0263.JPG,1,0.8138075254053899,23814,4512,2853,0.18946837994457041,0.11980347694633409,0.632313829787234,656,0,0,1003
DSC_0263.JPG,DSC_0264.JPG,1,0.8714773094483581,23814,5976,4922,0.2509448223733938,0.2066851431930797,0.8236278447121821,714,45,0,295
DSC_0264.JPG,DSC_0266.JPG,1,1.4954735401005468,23814,7359,6511,0.3090199042579995,0.2734105988074242,0.884766952031526,737,111,0,0
DSC_0266.JPG,DSC_0267.JPG,1,0.5813091557237804,23814,7519,6166,0.3157386411354665,0.2589233224153859,0.8200558584918207,973,5,0,375
DSC_0267.JPG,DSC_0268.JPG,1,0.7967898816751585,23814,7720,6461,0.3241790543377845,0.27131099353321575,0.8369170984455958,1146,19,0,94
DSC_0268.JPG,DSC_0269.JPG,1,0.8840564791560186,23814,7705,5409,0.323549172755522,0.22713529856387,0.7020116807268008,1085,70,0,1141
DSC_0269.JPG,DSC_0270.JPG,1,0.9402440119748534,23814,7769,6070,0.32623666750650876,0.2548920802889057,0.7813103359505728,1449,104,0,145
DSC_0270.JPG,DSC_0271.JPG,1,0.7691003554313613,23814,8354,5682,0.3508020492147476,0.23859914336104812,0.6801532200143644,1412,11,0,1249
DSC_0271.JPG,DSC_0272.JPG,1,0.7526153107953415,23814,9099,4814,0.3820861678004535,0.20214999580078946,0.5290691284756567,1715,1,0,2569
DSC_0272.JPG,DSC_0273.JPG,1,0.6762982622239823,23814,8775,3416,0.36848072562358275,0.14344503233392122,0.3892877492877493,1450,0,0,3909
DSC_0273.JPG,DSC_0274.JPG,1,0.7587094411767046,23814,6641,3399,0.27886957252036615,0.14273116654069035,0.511820508959494,1569,1,0,1672
DSC_0274.JPG,DSC_0275.JPG,1,0.8631969192287589,23814,5782,4254,0.24279835390946503,0.17863441672965483,0.7357315807679004,1471,2,0,55
DSC_0275.JPG,DSC_0276.JPG,1,0.8586477920587298,23814,6169,4425,0.2590492987318384,0.18581506676744772,0.7172961582104068,1507,0,0,237
DSC_0276.JPG,DSC_0277.JPG,1,0.7460684480596711,23814,6232,4691,0.2616948013773411,0.19698496682623667,0.7527278562259306,1492,0,0,49
DSC_0277.JPG,DSC_0278.JPG,1,0.6487444224528185,23814,6425,4103,0.26979927773578566,0.17229360880154532,0.6385992217898833,1450,1,0,870
DSC_0278.JPG,DSC_0279.JPG,1,0.7794532710341073,23814,6384,3741,0.26807760141093473,0.15709246661627613,0.5859962406015038,1305,0,0,1338
DSC_0279.JPG,DSC_0283.JPG,1,5.788858829728393,23814,5776,368,0.24254640127656002,0.015453094818174183,0.06371191135734072,698,0,0,4710
DSC_0283.JPG,DSC_0284.JPG,1,2.017766261038848,23814,1180,405,0.04955068447131939,0.017006802721088437,0.3432203389830508,281,1,0,493
DSC_0284.JPG,DSC_0285.JPG,1,2.1483945818837387,23814,974,440,0.040900310741580584,0.01847652641303435,0.4517453798767967,328,0,0,206
