split,scene,pair,held_n,A_held_mean,B_LBFGS_held_mean,C_plain_held_mean,aligned_n,A_aligned_mean,B_LBFGS_aligned_mean,C_plain_aligned_mean,B_LBFGS_held_inversion_failure,C_plain_held_inversion_failure,sampled_fold_fraction,anisotropy_p95,triangle_area_ratio,overlap_sample_retention,max_displacement_px,network_seconds
train,courtyard,DSC_0286_DSC_0287,747,4.330173015594482,2.6509175300598145,2.412414789199829,432,1.1053274869918823,0.6279288530349731,0.7224953174591064,0.0,0.0,0.0,1.4492194652557373,0.991997241973877,0.9955489635467529,19.537628173828125,0.003822905011475086
train,courtyard,DSC_0312_DSC_0313,3857,2.5772173404693604,1.767067313194275,2.9099619388580322,3056,1.4586856365203857,0.548882007598877,1.9533549547195435,0.0,0.0,0.0,1.2030521631240845,0.9945622086524963,1.0,11.179879188537598,0.0038368349196389318
train,courtyard,DSC_0315_DSC_0317,3498,72.4416732788086,36.67420196533203,72.75499725341797,0,,,,0.0,0.0,0.0,1.5913031101226807,1.0025886297225952,1.0,18.149757385253906,0.004385567968711257
train,courtyard,DSC_0317_DSC_0318,2724,102.07881164550781,21.68364906311035,101.90775299072266,0,,,,0.0,0.0,0.0,1.4225345849990845,0.9898884892463684,0.9967426657676697,19.509801864624023,0.004313592100515962
train,courtyard,DSC_0309_DSC_0311,2985,119.29573059082031,119.29573059082031,119.1811752319336,9,1.942772388458252,1.942772388458252,1.924283742904663,0.0,0.0,0.0,1.451003074645996,0.9936081171035767,0.99622642993927,20.691951751708984,0.00428675499279052
train,delivery_area,DSC_0675_DSC_0676,1332,2.370816707611084,1.2059662342071533,2.808570384979248,1083,1.6133933067321777,0.8496109247207642,2.190213441848755,0.0,0.0,0.0,1.3499085903167725,1.0017098188400269,1.0,18.390356063842773,0.00417234399355948
train,delivery_area,DSC_0685_DSC_0686,737,4.898354530334473,4.122978210449219,6.507021903991699,253,1.6881917715072632,1.2886208295822144,3.9962477684020996,0.0,0.0,0.0,1.4629075527191162,0.9962990880012512,1.0,21.439424514770508,0.004037847043946385
train,delivery_area,DSC_0695_DSC_0696,864,32.27296829223633,13.985095977783203,31.909961700439453,0,,,,0.0,0.0,0.0,1.445478081703186,0.9949832558631897,1.0,13.53756046295166,0.0037285779835656285
train,delivery_area,DSC_0704_DSC_0705,1176,7.829355716705322,5.692328929901123,9.360418319702148,571,1.2796930074691772,1.399118423461914,2.6168222427368164,0.0,0.0,0.0,1.4041959047317505,0.9987145662307739,1.0,17.12555503845215,0.0037646209821105003
train,delivery_area,DSC_0717_DSC_0718,820,46.713558197021484,36.17229080200195,47.283836364746094,8,2.385519504547119,6.403256416320801,2.3531441688537598,0.0,0.0,0.0,1.6316977739334106,0.9859206676483154,0.9922600388526917,24.825498580932617,0.0036566799972206354
train,electro,DSC_9257_DSC_9258,6675,11.340666770935059,12.197242736816406,11.625880241394043,207,2.1006271839141846,2.350581645965576,2.0910229682922363,0.0,0.0,0.0,1.5931540727615356,0.9999163150787354,1.0,17.083629608154297,0.005881891003809869
train,electro,DSC_9264_DSC_9265,1662,13.294477462768555,11.565808296203613,13.792437553405762,138,1.637120008468628,2.6584420204162598,1.963398814201355,0.0,0.0,0.0,1.4895095825195312,0.9976171255111694,1.0,17.452411651611328,0.004354840028099716
train,electro,DSC_9271_DSC_9272,2721,8.888750076293945,6.194967269897461,9.105947494506836,501,1.7924067974090576,1.8386833667755127,2.1026039123535156,0.0,0.0,0.0,1.7121961116790771,0.9992074966430664,1.0,19.7539005279541,0.003976449021138251
train,electro,DSC_9293_DSC_9294,1308,41.60537338256836,14.752178192138672,42.1599235534668,0,,,,0.0,0.0,0.0,1.6364089250564575,1.0001119375228882,1.0,19.204113006591797,0.004060986102558672
train,electro,DSC_9302_DSC_9303,911,17.587947845458984,6.607667446136475,17.876996994018555,135,1.903014063835144,3.0710086822509766,3.264366865158081,0.0,0.0,0.0,1.6032174825668335,0.9878672361373901,0.989847719669342,17.578636169433594,0.0039085999596863985
