scene,pair,held_points,held_aligned,held_difficult,A_canvas_mean,A_aligned_mean,A_difficult_mean,A_fold_fraction,A_triangle_area_ratio,A_overlap_retention,A_inversion_failure,B_canvas_mean,B_aligned_mean,B_difficult_mean,B_fold_fraction,B_triangle_area_ratio,B_overlap_retention,B_inversion_failure,C_canvas_mean,C_aligned_mean,C_difficult_mean,C_fold_fraction,C_triangle_area_ratio,C_overlap_retention,C_inversion_failure,D_canvas_mean,D_aligned_mean,D_difficult_mean,D_fold_fraction,D_triangle_area_ratio,D_overlap_retention,D_inversion_failure,Cc_canvas_mean,Cc_aligned_mean,Cc_difficult_mean,Cc_fold_fraction,Cc_triangle_area_ratio,Cc_overlap_retention,Cc_inversion_failure,Dc_canvas_mean,Dc_aligned_mean,Dc_difficult_mean,Dc_fold_fraction,Dc_triangle_area_ratio,Dc_overlap_retention,Dc_inversion_failure,C_selected,C_source_cells,C_weight_mean,C_fit_seconds_cpu,C_final_train_geometry,D_selected,D_source_cells,D_weight_mean,D_fit_seconds_cpu,D_final_train_geometry,D_minus_C,Dc_minus_Cc,filter_kept_correct,filter_kept_incorrect,filter_kept_classified,filter_post_filter_precision,filter_incorrect_acceptance_numerator,filter_incorrect_acceptance_denominator,filter_incorrect_acceptance,filter_correct_large_kept,filter_correct_large_total,filter_correct_large_retention,filter_correct_small_kept,filter_correct_small_total,filter_correct_small_retention,filter_large_correct_cells_before,filter_large_correct_cells_after,filter_all_kept_source_cells,filter_uncertain_total,filter_unable_total,roma_seconds_gpu,roma_peak_memory_bytes
courtyard,DSC_0286_DSC_0287,25,16,0,2.8076140880584717,1.2009315490722656,,0.0,1.0,1.0,0.0,1.4560054540634155,0.5244154930114746,,0.0,0.9972900748252869,0.9983819410551679,0.0,1.1598483324050903,0.40047892928123474,,0.0,0.9986317753791809,1.0016796155351246,0.0,1.1603871583938599,0.5813113451004028,,0.0,0.9864606857299805,0.9930485021962512,0.0,1.1327574253082275,0.5206779837608337,,0.0,0.9985609650611877,1.0004308961320476,0.0,1.1565266847610474,0.5820487141609192,,0.0,0.9888604283332825,0.9955767192975513,0.0,1860,47,0.8420217633247375,1.5123947570100427,0.7204548716545105,143,44,1.0,1.2464631319744512,0.3616468608379364,0.0005388259887695312,0.023769259452819824,143,5,148,0.9662162162162162,5,8,0.625,8,23,0.34782608695652173,135,143,0.9440559440559441,13,8,58,7,3915,7.850311303976923,4569425408
courtyard,DSC_0309_DSC_0311,128,0,123,120.60537719726562,,125.17424774169922,0.0,1.0,1.0,0.0,120.60537719726562,,125.17424774169922,0.0,1.0,1.0,0.0,105.62738037109375,,109.4917221069336,0.0,1.0854835510253906,1.0423755860525121,0.0,111.52252197265625,,115.84414672851562,0.0,1.058944582939148,1.020371927017077,0.0,112.54078674316406,,116.766845703125,0.0,1.0560905933380127,1.0191312712675815,0.0,112.11894226074219,,116.39844512939453,0.0,1.0546624660491943,1.0167758233953512,0.0,987,43,0.7424606084823608,1.2786345729837194,31.724239349365234,355,46,1.0,1.2464896539459005,30.944934844970703,5.8951416015625,-0.421844482421875,223,1,224,0.9955357142857143,1,27,0.037037037037037035,218,463,0.4708423326133909,5,5,1.0,62,47,51,35,3566,0.3159070119727403,4598715392
courtyard,DSC_0312_DSC_0313,178,140,9,2.6854817867279053,1.5251610279083252,11.271574020385742,0.0,1.0,1.0,0.0,1.8321388959884644,0.6211905479431152,9.941948890686035,0.0,1.0077886581420898,1.0026008327511076,0.0,1.8909122943878174,0.5730521082878113,10.488484382629395,0.0,1.0116312503814697,1.001752735114877,0.0,1.6104379892349243,0.6371398568153381,7.506901264190674,0.0,1.0093318223953247,0.9992649820486,0.0,1.8263189792633057,0.5706387758255005,9.005810737609863,0.0,1.0106545686721802,1.0011873366907231,0.0,1.6099414825439453,0.6367400288581848,7.507162094116211,0.0,1.0093246698379517,0.999256904928255,0.0,2196,48,0.8628643155097961,1.321917699999176,0.07833249121904373,619,47,1.0,1.2689086790196598,0.1266985386610031,-0.28047430515289307,-0.21637749671936035,683,0,683,1.0,0,26,0.0,13,37,0.35135135135135137,670,739,0.9066305818673883,7,5,64,46,3248,0.32128067302983254,4599047680
courtyard,DSC_0315_DSC_0317,157,0,157,72.24040222167969,,72.24040222167969,0.0,1.0,1.0,0.0,72.24040222167969,,72.24040222167969,0.0,1.0,1.0,0.0,46.68164825439453,,46.68164825439453,0.0,0.9428790807723999,0.9023133310488938,0.0,42.91709518432617,,42.91709518432617,0.0,0.9463117718696594,0.8939348128439257,0.0,45.9980583190918,,45.9980583190918,0.0,0.943960428237915,0.900895634704669,0.0,44.58826446533203,,44.58826446533203,0.0,0.9413841366767883,0.89822821551672,0.0,828,18,0.8690863847732544,1.2476516789756715,2.0280466079711914,381,21,1.0,1.2271030190167949,4.650938987731934,-3.7645530700683594,-1.4097938537597656,322,0,322,1.0,0,9,0.0,322,496,0.6491935483870968,0,0,0.0,32,28,29,95,3496,0.3185381250223145,4598525440
courtyard,DSC_0317_DSC_0318,127,0,127,104.18222045898438,,104.18222045898438,0.0,1.0,1.0,0.0,104.18222045898438,,104.18222045898438,0.0,1.0,1.0,0.0,92.28064727783203,,92.28064727783203,0.0,1.008772611618042,1.003447454349258,0.0,84.21409606933594,,84.21409606933594,0.0,0.9926938414573669,1.0010136823764078,0.0,90.72350311279297,,90.72350311279297,0.0,1.003533959388733,1.001326662649308,0.0,84.60071563720703,,84.60071563720703,0.0,0.9950408339500427,1.003167173507855,0.0,1038,28,0.8504219651222229,1.375541812973097,47.221744537353516,341,30,1.0,1.2271304610185325,46.47193145751953,-8.066551208496094,-6.1227874755859375,376,11,387,0.9715762273901809,11,121,0.09090909090909091,376,431,0.8723897911832946,0,0,0.0,36,34,34,90,3454,0.31713810900691897,4598822400
delivery_area,DSC_0675_DSC_0676,56,48,0,2.079946994781494,1.6822274923324585,,0.0,1.0,1.0,0.0,1.2088996171951294,1.039167046546936,,0.0,0.9968226552009583,0.9943564754947718,0.0,1.047345519065857,0.8982464671134949,,0.0,0.9924678206443787,0.9895350729205025,0.0,1.1607612371444702,0.9340452551841736,,0.0,0.995396077632904,0.9928235606443381,0.0,1.2318414449691772,1.0013095140457153,,0.0,0.9945956468582153,0.9928578157247947,0.0,1.1407829523086548,0.9155926704406738,,0.0,0.9954075217247009,0.9927850236788244,0.0,526,35,0.8483177423477173,1.6647391370497644,0.02624971978366375,46,26,1.0,1.594899678020738,0.004826168529689312,0.11341571807861328,-0.09105849266052246,31,2,33,0.9393939393939394,2,41,0.04878048780487805,0,0,0.0,31,80,0.3875,0,0,51,34,3941,3.4773658100748435,4569425408
delivery_area,DSC_0685_DSC_0686,31,10,1,4.5844855308532715,1.444504976272583,10.684985160827637,0.0,1.0,1.0,0.0,3.384401559829712,1.3053789138793945,7.209948539733887,0.0,1.0004463195800781,0.998405869777508,0.0,3.5413928031921387,1.5336233377456665,7.038211822509766,0.0,0.9914180040359497,0.987421151257621,0.0,5.143549919128418,2.9915289878845215,16.384849548339844,0.0,0.9901204109191895,0.9848293700018474,0.0,4.640979290008545,2.9882283210754395,1.2181103229522705,0.0,0.9899299740791321,0.9842012193512629,0.0,5.143549919128418,2.9915289878845215,16.384849548339844,0.0,0.9901204109191895,0.9848293700018474,0.0,1543,35,0.8465149998664856,1.640312570030801,0.3398338854312897,58,29,1.0,1.4633935609599575,0.10018151253461838,1.6021571159362793,0.502570629119873,76,2,78,0.9743589743589743,2,5,0.4,14,16,0.875,62,72,0.8611111111111112,9,7,51,5,3998,0.32586024689953774,4599047680
delivery_area,DSC_0695_DSC_0696,37,0,30,37.556156158447266,,44.61759567260742,0.0,1.0,1.0,0.0,37.18583679199219,,44.45307540893555,0.0,1.0056231021881104,1.0059858931181294,0.0,28.338029861450195,,33.416622161865234,0.0,1.0505303144454956,1.0684713308339158,0.0,26.63924217224121,,31.71354103088379,0.0,1.0523921251296997,1.0675181631399462,0.0,29.3953914642334,,35.29262924194336,0.0,1.0539275407791138,1.058477897100252,0.0,26.63924217224121,,31.71354103088379,0.0,1.0523921251296997,1.0675181631399462,0.0,1244,45,0.7277780771255493,1.5503376219421625,11.26708984375,93,34,1.0,1.4683508650632575,14.52729606628418,-1.6987876892089844,-2.7561492919921875,71,0,71,1.0,0,11,0.0,60,103,0.5825242718446602,11,20,0.55,45,28,59,9,3953,0.3246074649505317,4598525440
delivery_area,DSC_0704_DSC_0705,42,17,16,9.507813453674316,1.3252248764038086,20.84272003173828,0.0,1.0,1.0,0.0,8.38401985168457,0.7524380683898926,19.15802001953125,0.0,0.9995490908622742,0.9996625162989288,0.0,6.814516544342041,1.4324283599853516,14.88077163696289,0.0,0.9931759834289551,0.9916856288190627,0.0,5.881803035736084,0.7910913825035095,12.741533279418945,0.0,0.98544842004776,0.9804259453378672,0.0,6.831606864929199,2.0880959033966064,14.2890625,0.0,0.9895642399787903,0.9874721959450822,0.0,5.877889156341553,0.7902370095252991,12.735593795776367,0.0,0.9854392409324646,0.9804003783908164,0.0,1155,36,0.8096107840538025,1.6355554650072008,0.2800382077693939,93,31,1.0,1.5173847809201106,0.17041267454624176,-0.932713508605957,-0.9537177085876465,73,2,75,0.9733333333333334,2,14,0.14285714285714285,11,31,0.3548387096774194,62,97,0.6391752577319587,13,11,52,10,3944,0.31452958995942026,4598822400
delivery_area,DSC_0717_DSC_0718,42,0,35,40.51858901977539,,47.25876998901367,0.0,1.0,1.0,0.0,39.63456726074219,,46.45061492919922,0.0,1.0102366209030151,1.0058671406429005,0.0,32.487632751464844,,37.71641159057617,0.0,0.9856647253036499,0.9629818383988139,0.0,28.11395835876465,,33.33064270019531,0.0,1.0140831470489502,0.988872228586832,0.0,30.27264404296875,,35.24654769897461,0.0,0.9876156449317932,0.9820995350090976,0.0,32.15864562988281,,37.4942626953125,0.0,1.0038491487503052,0.9991028708133971,0.0,807,34,0.786704421043396,1.571697300998494,2.7772722244262695,137,36,1.0,1.5536785239819437,13.732062339782715,-4.373674392700195,1.8860015869140625,62,7,69,0.8985507246376812,7,32,0.21875,37,131,0.2824427480916031,25,35,0.7142857142857143,36,17,39,36,3862,0.304932750063017,4598715392
electro,DSC_9257_DSC_9258,274,7,135,11.470348358154297,1.9033830165863037,15.967046737670898,0.0,1.0,1.0,0.0,11.72846508026123,1.2516233921051025,16.12755012512207,0.0,0.9955412149429321,0.9964946099255949,0.0,12.229557037353516,2.3622286319732666,15.852228164672852,0.0,0.9737130403518677,0.9698327726346291,0.0,11.816110610961914,2.482799530029297,15.427441596984863,0.0,0.9808316230773926,0.9752412641504801,0.0,11.563567161560059,2.931572198867798,14.831920623779297,0.0,0.9724541902542114,0.9701335854431157,0.0,11.816110610961914,2.482799530029297,15.427441596984863,0.0,0.9808316230773926,0.9752412641504801,0.0,784,22,0.8517423272132874,1.6042419229634106,0.19560301303863525,159,20,1.0,1.5989730019355193,0.13943080604076385,-0.41344642639160156,0.25254344940185547,272,5,277,0.9819494584837545,5,57,0.08771929824561403,82,136,0.6029411764705882,190,265,0.7169811320754716,19,17,35,33,3605,2.997196174925193,4569425408
electro,DSC_9264_DSC_9265,76,6,45,13.485931396484375,1.4645887613296509,19.114341735839844,0.0,1.0,1.0,0.0,12.081302642822266,1.9377206563949585,17.21719741821289,0.0,0.99991774559021,0.9977767169956907,0.0,11.723065376281738,2.1090567111968994,16.45320701599121,0.0,0.9791480898857117,0.9642574561718991,0.0,12.20617389678955,1.4725533723831177,17.413022994995117,0.0,0.9926077723503113,0.9866864582447834,0.0,11.583136558532715,1.8351292610168457,16.352209091186523,0.0,0.9840726256370544,0.9730917365801984,0.0,12.20617389678955,1.4725533723831177,17.413022994995117,0.0,0.9926077723503113,0.9866864582447834,0.0,647,21,0.8586972951889038,1.6253217300400138,0.19203217327594757,46,12,1.0,1.6605715829646215,0.048057664185762405,0.4831085205078125,0.6230373382568359,67,1,68,0.9852941176470589,1,12,0.08333333333333333,33,43,0.7674418604651163,34,50,0.68,10,7,32,24,3967,0.31930724903941154,4599047680
electro,DSC_9271_DSC_9272,98,12,41,10.169572830200195,1.8708499670028687,17.454261779785156,0.0,1.0,1.0,0.0,8.772354125976562,1.6072849035263062,15.159770965576172,0.0,0.9978454113006592,0.9948491707857902,0.0,6.785900115966797,1.694535255432129,10.788905143737793,0.0,0.9840783476829529,0.9625583221693538,0.0,5.846432209014893,2.0990359783172607,8.17944049835205,0.0,0.9610887765884399,0.932307787068262,0.0,6.5274858474731445,1.5814933776855469,10.398918151855469,0.0,0.9795724153518677,0.9539197117383471,0.0,6.593961238861084,1.922831654548645,10.152386665344238,0.0,0.9684069156646729,0.940376649574229,0.0,622,20,0.8411343097686768,1.518238122924231,0.08660834282636642,192,21,1.0,1.44464802602306,0.05753236636519432,-0.9394679069519043,0.06647539138793945,144,1,145,0.993103448275862,1,44,0.022727272727272728,24,80,0.3,120,175,0.6857142857142857,15,10,32,23,3774,0.31974327797070146,4598525440
electro,DSC_9293_DSC_9294,55,0,55,45.045345306396484,,45.045345306396484,0.0,1.0,1.0,0.0,45.03121566772461,,45.03121566772461,0.0,0.9991573095321655,1.0017525975102068,0.0,22.12152671813965,,22.12152671813965,0.0,0.9936329126358032,0.9686942897460491,0.0,24.39139747619629,,24.39139747619629,0.0,0.9974077343940735,0.9732942304891705,0.0,22.10248374938965,,22.10248374938965,0.0,0.9952591061592102,0.9703213430220003,0.0,24.39139747619629,,24.39139747619629,0.0,0.9974077343940735,0.9732942304891705,0.0,1237,33,0.7980242371559143,1.489409273955971,1.2999789714813232,201,30,1.0,1.4439672800945118,1.5220515727996826,2.2698707580566406,2.2889137268066406,200,0,200,1.0,0,5,0.0,197,234,0.8418803418803419,3,6,0.5,37,35,44,24,3827,0.31852806103415787,4598822400
electro,DSC_9302_DSC_9303,28,5,14,17.313283920288086,1.7619068622589111,30.284143447875977,0.0,1.0,1.0,0.0,16.671171188354492,1.0857864618301392,29.984769821166992,0.0,1.0060886144638062,1.005804072049341,0.0,6.4441399574279785,1.703787088394165,10.197487831115723,0.0,0.8798915147781372,0.8790869428090833,0.0,16.809860229492188,22.325265884399414,16.29094123840332,0.0,0.8898646831512451,0.8886844687412392,0.0,7.334778308868408,3.2874112129211426,11.881525993347168,0.0,0.8809157609939575,0.8802565180824222,0.0,16.809860229492188,22.325265884399414,16.29094123840332,0.0,0.8898646831512451,0.8886844687412392,0.0,804,28,0.7899428009986877,1.465184348053299,2.2425498962402344,76,12,1.0,1.4499608639162034,1.8383744955062866,10.365720272064209,9.47508192062378,89,4,93,0.956989247311828,4,23,0.17391304347826086,54,62,0.8709677419354839,35,36,0.9722222222222222,16,16,34,7,3968,0.31847574992571026,4598715392
