scene,pair,group,held_n,held_mean,aligned_n,aligned_mean,difficult_n,difficult_mean,fold,anisotropy_p95,area_ratio,overlap_retention,fit_seconds,objective_evals,termination
courtyard,DSC_0286_DSC_0287,A,25,2.8076140880584717,16,1.2009315490722656,0,,0.0,1.256833553314209,1.0,1.0,0.0,0,not_optimized
courtyard,DSC_0286_DSC_0287,C_Adam,25,1.1598484516143799,16,0.40047889947891235,0,,0.0,1.4217264652252197,0.9986317753791809,1.0016796155351246,1.5123947570100427,150,fixed_150_steps
courtyard,DSC_0286_DSC_0287,C_LBFGS,25,1.1598637104034424,16,0.40050604939460754,0,,0.0,1.421614408493042,0.9986668229103088,1.0016620279378983,0.5660570720210671,64,parameter_stagnation_two_outer_calls
courtyard,DSC_0286_DSC_0287,C_LBFGS_time_matched,25,1.1598637104034424,16,0.40050604939460754,0,,0.0,1.421614408493042,0.9986668229103088,1.0016620279378983,0.5660570720210671,64,parameter_stagnation_two_outer_calls
courtyard,DSC_0286_DSC_0287,D_LBFGS,25,1.1611604690551758,16,0.5820552110671997,0,,0.0,1.474776268005371,0.9864228963851929,0.993039708397638,0.6223234072094783,85,parameter_stagnation_two_outer_calls
courtyard,DSC_0286_DSC_0287,D_LBFGS_time_matched,25,1.1611604690551758,16,0.5820552110671997,0,,0.0,1.474776268005371,0.9864228963851929,0.993039708397638,0.6223234072094783,85,parameter_stagnation_two_outer_calls
courtyard,DSC_0312_DSC_0313,A,178,2.6854817867279053,140,1.5251609086990356,9,11.271574020385742,0.0,1.0744850635528564,1.0,1.0,0.0,0,not_optimized
courtyard,DSC_0312_DSC_0313,C_Adam,178,1.8909125328063965,140,0.5730521082878113,9,10.488483428955078,0.0,1.1362440586090088,1.0116312503814697,1.001752735114877,1.321917699999176,150,fixed_150_steps
courtyard,DSC_0312_DSC_0313,C_LBFGS,178,1.8905208110809326,140,0.5731251239776611,9,10.487430572509766,0.0,1.136151671409607,1.011613368988037,1.0017446579945317,0.4539138521067798,54,parameter_stagnation_two_outer_calls
courtyard,DSC_0312_DSC_0313,C_LBFGS_time_matched,178,1.8905208110809326,140,0.5731251239776611,9,10.487430572509766,0.0,1.136151671409607,1.011613368988037,1.0017446579945317,0.4539138521067798,54,parameter_stagnation_two_outer_calls
courtyard,DSC_0312_DSC_0313,D_LBFGS,178,1.6086429357528687,140,0.6347600221633911,9,7.51494836807251,0.0,1.2182245254516602,1.0093340873718262,0.9992245964468748,0.5092521250480786,65,parameter_stagnation_two_outer_calls
courtyard,DSC_0312_DSC_0313,D_LBFGS_time_matched,178,1.6086429357528687,140,0.6347600221633911,9,7.51494836807251,0.0,1.2182245254516602,1.0093340873718262,0.9992245964468748,0.5092521250480786,65,parameter_stagnation_two_outer_calls
courtyard,DSC_0315_DSC_0317,A,157,72.24040222167969,0,,157,72.24040222167969,0.0,1.5267155170440674,1.0,1.0,0.0,0,not_optimized
courtyard,DSC_0315_DSC_0317,C_Adam,157,46.68164825439453,0,,157,46.68164825439453,0.0,2.0057811737060547,0.9428790807723999,0.9023133310488938,1.2476516789756715,150,fixed_150_steps
courtyard,DSC_0315_DSC_0317,C_LBFGS,157,35.65885925292969,0,,157,35.65885925292969,0.0,2.0311527252197266,0.9273188710212708,0.8661251201010528,1.2663527777185664,154,parameter_stagnation_two_outer_calls
courtyard,DSC_0315_DSC_0317,C_LBFGS_time_matched,157,35.65885925292969,0,,157,35.65885925292969,0.0,2.0311527252197266,0.9273188710212708,0.8661251201010528,1.1953732348047197,145,parameter_stagnation_two_outer_calls
courtyard,DSC_0315_DSC_0317,D_LBFGS,157,25.007177352905273,0,,157,25.007177352905273,0.0,2.2097156047821045,0.9249477982521057,0.8425349216907541,1.3540739180753008,165,parameter_stagnation_two_outer_calls
courtyard,DSC_0315_DSC_0317,D_LBFGS_time_matched,157,24.994741439819336,0,,157,24.994741439819336,0.0,2.2092056274414062,0.9248553514480591,0.8426357057910544,1.0953145528910682,134,parameter_stagnation_two_outer_calls
courtyard,DSC_0317_DSC_0318,A,127,104.1822280883789,0,,127,104.1822280883789,0.0,1.183562994003296,1.0,1.0,0.0,0,not_optimized
courtyard,DSC_0317_DSC_0318,C_Adam,127,92.2806625366211,0,,127,92.2806625366211,0.0,1.5901206731796265,1.008772611618042,1.003447454349258,1.375541812973097,150,fixed_150_steps
courtyard,DSC_0317_DSC_0318,C_LBFGS,127,21.946563720703125,0,,127,21.946563720703125,0.0,1.9551336765289307,1.0192712545394897,1.1198948012575267,3.681631485465914,351,max_outer_15
courtyard,DSC_0317_DSC_0318,C_LBFGS_time_matched,127,23.36858558654785,0,,127,23.36858558654785,0.0,2.2889461517333984,1.0974348783493042,1.1351233936404277,1.249701384222135,119,max_outer_15
courtyard,DSC_0317_DSC_0318,D_LBFGS,127,18.832345962524414,0,,127,18.832345962524414,0.0,2.3321712017059326,0.9846718311309814,1.1097860055775888,3.721427169512026,362,max_outer_15
courtyard,DSC_0317_DSC_0318,D_LBFGS_time_matched,127,25.04383087158203,0,,127,25.04383087158203,0.0,3.1134610176086426,1.1096923351287842,1.1254864040435182,1.283552440814674,124,max_outer_15
courtyard,DSC_0309_DSC_0311,A,128,120.6053695678711,0,,123,125.17425537109375,0.0,1.3793537616729736,1.0,1.0,0.0,0,not_optimized
courtyard,DSC_0309_DSC_0311,C_Adam,128,105.62737274169922,0,,123,109.4917221069336,0.0,2.9990458488464355,1.0854835510253906,1.0423755860525121,1.2786345729837194,150,fixed_150_steps
courtyard,DSC_0309_DSC_0311,C_LBFGS,128,120.6053695678711,0,,123,125.17425537109375,0.0,1.3793537616729736,1.0,1.0,1.612819634960033,203,parameter_stagnation_two_outer_calls
courtyard,DSC_0309_DSC_0311,C_LBFGS_time_matched,128,120.6053695678711,0,,123,125.17425537109375,0.0,1.3793537616729736,1.0,1.0,0.0,0,parameter_stagnation_two_outer_calls
courtyard,DSC_0309_DSC_0311,D_LBFGS,128,120.6053695678711,0,,123,125.17425537109375,0.0,1.3793537616729736,1.0,1.0,1.4399696150794625,186,parameter_stagnation_two_outer_calls
courtyard,DSC_0309_DSC_0311,D_LBFGS_time_matched,128,120.6053695678711,0,,123,125.17425537109375,0.0,1.3793537616729736,1.0,1.0,0.0,0,parameter_stagnation_two_outer_calls
delivery_area,DSC_0675_DSC_0676,A,56,2.0799472332000732,48,1.6822274923324585,0,,0.0,1.1457490921020508,1.0,1.0,0.0,0,not_optimized
delivery_area,DSC_0675_DSC_0676,C_Adam,56,1.047345519065857,48,0.8982464671134949,0,,0.0,1.1903326511383057,0.9924678206443787,0.9895350729205025,1.6647391370497644,150,fixed_150_steps
delivery_area,DSC_0675_DSC_0676,C_LBFGS,56,1.0502064228057861,48,0.9014841914176941,0,,0.0,1.1900691986083984,0.9924467206001282,0.9895607642308449,0.5407260759966448,68,parameter_stagnation_two_outer_calls
delivery_area,DSC_0675_DSC_0676,C_LBFGS_time_matched,56,1.0502064228057861,48,0.9014841914176941,0,,0.0,1.1900691986083984,0.9924467206001282,0.9895607642308449,0.5407260759966448,68,parameter_stagnation_two_outer_calls
delivery_area,DSC_0675_DSC_0676,D_LBFGS,56,1.164229154586792,48,0.9379991888999939,0,,0.0,1.1770586967468262,0.995370090007782,0.9928535338397376,0.8049308399204165,107,parameter_stagnation_two_outer_calls
delivery_area,DSC_0675_DSC_0676,D_LBFGS_time_matched,56,1.164229154586792,48,0.9379991888999939,0,,0.0,1.1770586967468262,0.995370090007782,0.9928535338397376,0.8049308399204165,107,parameter_stagnation_two_outer_calls
delivery_area,DSC_0685_DSC_0686,A,31,4.5844855308532715,10,1.444504976272583,1,10.684985160827637,0.0,1.3339664936065674,1.0,1.0,0.0,0,not_optimized
delivery_area,DSC_0685_DSC_0686,C_Adam,31,3.5413925647735596,10,1.533623218536377,1,7.038211822509766,0.0,1.6739420890808105,0.9914180040359497,0.987421151257621,1.640312570030801,150,fixed_150_steps
delivery_area,DSC_0685_DSC_0686,C_LBFGS,31,3.5389301776885986,10,1.5318840742111206,1,7.019400119781494,0.0,1.6739815473556519,0.9915128946304321,0.9874528227189949,0.5948477449128404,74,parameter_stagnation_two_outer_calls
delivery_area,DSC_0685_DSC_0686,C_LBFGS_time_matched,31,3.5389301776885986,10,1.5318840742111206,1,7.019400119781494,0.0,1.6739815473556519,0.9915128946304321,0.9874528227189949,0.5948477449128404,74,parameter_stagnation_two_outer_calls
delivery_area,DSC_0685_DSC_0686,D_LBFGS,31,5.136715412139893,10,2.9690170288085938,1,16.358856201171875,0.0,1.7047158479690552,0.9901262521743774,0.9848188128480562,0.7632688190788031,102,parameter_stagnation_two_outer_calls
delivery_area,DSC_0685_DSC_0686,D_LBFGS_time_matched,31,5.136715412139893,10,2.9690170288085938,1,16.358856201171875,0.0,1.7047158479690552,0.9901262521743774,0.9848188128480562,0.7632688190788031,102,parameter_stagnation_two_outer_calls
delivery_area,DSC_0695_DSC_0696,A,37,37.55615997314453,0,,30,44.61759948730469,0.0,1.4029614925384521,1.0,1.0,0.0,0,not_optimized
delivery_area,DSC_0695_DSC_0696,C_Adam,37,28.338029861450195,0,,30,33.416622161865234,0.0,4.036624908447266,1.0505303144454956,1.0684713308339158,1.5503376219421625,150,fixed_150_steps
delivery_area,DSC_0695_DSC_0696,C_LBFGS,37,18.819841384887695,0,,30,21.051361083984375,0.0,3.68245530128479,1.12673819065094,1.1665544046938214,1.551505635958165,190,parameter_stagnation_two_outer_calls
delivery_area,DSC_0695_DSC_0696,C_LBFGS_time_matched,37,18.819841384887695,0,,30,21.051361083984375,0.0,3.68245530128479,1.12673819065094,1.1665544046938214,1.4826212220359594,181,parameter_stagnation_two_outer_calls
delivery_area,DSC_0695_DSC_0696,D_LBFGS,37,13.84779167175293,0,,30,15.460905075073242,0.0,2.2724390029907227,1.1212142705917358,1.1603821143377602,1.6544101143954322,217,parameter_stagnation_two_outer_calls
delivery_area,DSC_0695_DSC_0696,D_LBFGS_time_matched,37,13.84779167175293,0,,30,15.460905075073242,0.0,2.2724390029907227,1.1212142705917358,1.1603821143377602,1.5356672044144943,201,parameter_stagnation_two_outer_calls
delivery_area,DSC_0704_DSC_0705,A,42,9.507813453674316,17,1.3252248764038086,16,20.84272003173828,0.0,1.2622233629226685,1.0,1.0,0.0,0,not_optimized
delivery_area,DSC_0704_DSC_0705,C_Adam,42,6.814517021179199,17,1.4324284791946411,16,14.880770683288574,0.0,1.4465577602386475,0.9931759834289551,0.9916856288190627,1.6355554650072008,150,fixed_150_steps
delivery_area,DSC_0704_DSC_0705,C_LBFGS,42,6.810062408447266,17,1.4341639280319214,16,14.867469787597656,0.0,1.4466034173965454,0.9931400418281555,0.9916805154296525,0.8542119390331209,105,parameter_stagnation_two_outer_calls
delivery_area,DSC_0704_DSC_0705,C_LBFGS_time_matched,42,6.810062408447266,17,1.4341639280319214,16,14.867469787597656,0.0,1.4466034173965454,0.9931400418281555,0.9916805154296525,0.8542119390331209,105,parameter_stagnation_two_outer_calls
delivery_area,DSC_0704_DSC_0705,D_LBFGS,42,5.855836391448975,17,0.8043985366821289,16,12.625068664550781,0.0,1.5319936275482178,0.9850829839706421,0.9804463988955079,0.6468883969355375,82,parameter_stagnation_two_outer_calls
delivery_area,DSC_0704_DSC_0705,D_LBFGS_time_matched,42,5.855836391448975,17,0.8043985366821289,16,12.625068664550781,0.0,1.5319936275482178,0.9850829839706421,0.9804463988955079,0.6468883969355375,82,parameter_stagnation_two_outer_calls
delivery_area,DSC_0717_DSC_0718,A,42,40.518585205078125,0,,35,47.25876998901367,0.0,1.3964004516601562,1.0,1.0,0.0,0,not_optimized
delivery_area,DSC_0717_DSC_0718,C_Adam,42,32.487632751464844,0,,35,37.71641159057617,0.0,2.8240833282470703,0.9856647253036499,0.9629818383988139,1.571697300998494,150,fixed_150_steps
delivery_area,DSC_0717_DSC_0718,C_LBFGS,42,30.237009048461914,0,,35,35.08460235595703,0.0,3.1064469814300537,0.9868980646133423,0.9527259249275558,1.3364052791148424,136,parameter_stagnation_two_outer_calls
delivery_area,DSC_0717_DSC_0718,C_LBFGS_time_matched,42,30.237009048461914,0,,35,35.08460235595703,0.0,3.1064469814300537,0.9868980646133423,0.9527259249275558,1.3364052791148424,136,parameter_stagnation_two_outer_calls
delivery_area,DSC_0717_DSC_0718,D_LBFGS,42,40.518585205078125,0,,35,47.25876998901367,0.0,1.3964004516601562,1.0,1.0,1.6568379468517378,172,parameter_stagnation_two_outer_calls
delivery_area,DSC_0717_DSC_0718,D_LBFGS_time_matched,42,40.518585205078125,0,,35,47.25876998901367,0.0,1.3964004516601562,1.0,1.0,0.0,0,parameter_stagnation_two_outer_calls
electro,DSC_9257_DSC_9258,A,274,11.47034740447998,7,1.9033830165863037,135,15.967044830322266,0.0,1.314618706703186,1.0,1.0,0.0,0,not_optimized
electro,DSC_9257_DSC_9258,C_Adam,274,12.2295560836792,7,2.3622286319732666,135,15.852230072021484,0.0,1.36323881149292,0.9737130403518677,0.9698327726346291,1.6042419229634106,150,fixed_150_steps
electro,DSC_9257_DSC_9258,C_LBFGS,274,12.229507446289062,7,2.364957332611084,135,15.850979804992676,0.0,1.3635263442993164,0.9737083911895752,0.9697836603393659,0.9796037669293582,98,parameter_stagnation_two_outer_calls
electro,DSC_9257_DSC_9258,C_LBFGS_time_matched,274,12.229507446289062,7,2.364957332611084,135,15.850979804992676,0.0,1.3635263442993164,0.9737083911895752,0.9697836603393659,0.9796037669293582,98,parameter_stagnation_two_outer_calls
electro,DSC_9257_DSC_9258,D_LBFGS,274,11.79651165008545,7,2.4510035514831543,135,15.411177635192871,0.0,1.3682184219360352,0.9809585213661194,0.9750448149694276,0.8833795519312844,90,parameter_stagnation_two_outer_calls
electro,DSC_9257_DSC_9258,D_LBFGS_time_matched,274,11.79651165008545,7,2.4510035514831543,135,15.411177635192871,0.0,1.3682184219360352,0.9809585213661194,0.9750448149694276,0.8833795519312844,90,parameter_stagnation_two_outer_calls
electro,DSC_9264_DSC_9265,A,76,13.485931396484375,6,1.4645887613296509,45,19.114341735839844,0.0,1.3967806100845337,1.0,1.0,0.0,0,not_optimized
electro,DSC_9264_DSC_9265,C_Adam,76,11.723065376281738,6,2.1090567111968994,45,16.45320701599121,0.0,1.435738444328308,0.9791480898857117,0.9642574561718991,1.6253217300400138,150,fixed_150_steps
electro,DSC_9264_DSC_9265,C_LBFGS,76,11.712151527404785,6,2.111914873123169,45,16.435802459716797,0.0,1.435903787612915,0.9793590307235718,0.9644405500663715,0.9684435270028189,95,parameter_stagnation_two_outer_calls
electro,DSC_9264_DSC_9265,C_LBFGS_time_matched,76,11.712151527404785,6,2.111914873123169,45,16.435802459716797,0.0,1.435903787612915,0.9793590307235718,0.9644405500663715,0.9684435270028189,95,parameter_stagnation_two_outer_calls
electro,DSC_9264_DSC_9265,D_LBFGS,76,12.189068794250488,6,1.4646493196487427,45,17.38612937927246,0.0,1.4221373796463013,0.9915965795516968,0.9849470662472944,1.1253383100265637,117,parameter_stagnation_two_outer_calls
electro,DSC_9264_DSC_9265,D_LBFGS_time_matched,76,12.189068794250488,6,1.4646493196487427,45,17.38612937927246,0.0,1.4221373796463013,0.9915965795516968,0.9849470662472944,1.1253383100265637,117,parameter_stagnation_two_outer_calls
electro,DSC_9271_DSC_9272,A,98,10.169572830200195,12,1.8708499670028687,41,17.454261779785156,0.0,1.539560079574585,1.0,1.0,0.0,0,not_optimized
electro,DSC_9271_DSC_9272,C_Adam,98,6.785900115966797,12,1.694535255432129,41,10.788905143737793,0.0,1.6393885612487793,0.9840783476829529,0.9625583221693538,1.518238122924231,150,fixed_150_steps
electro,DSC_9271_DSC_9272,C_LBFGS,98,6.7812981605529785,12,1.69326913356781,41,10.781943321228027,0.0,1.638776183128357,0.9840937852859497,0.9625429235767851,1.0642472861800343,106,parameter_stagnation_two_outer_calls
electro,DSC_9271_DSC_9272,C_LBFGS_time_matched,98,6.7812981605529785,12,1.69326913356781,41,10.781943321228027,0.0,1.638776183128357,0.9840937852859497,0.9625429235767851,1.0642472861800343,106,parameter_stagnation_two_outer_calls
electro,DSC_9271_DSC_9272,D_LBFGS,98,5.835726261138916,12,2.081942558288574,41,8.176691055297852,0.0,1.5310478210449219,0.9607924818992615,0.9318227314023498,1.0182413368020207,103,parameter_stagnation_two_outer_calls
electro,DSC_9271_DSC_9272,D_LBFGS_time_matched,98,5.835726261138916,12,2.081942558288574,41,8.176691055297852,0.0,1.5310478210449219,0.9607924818992615,0.9318227314023498,1.0182413368020207,103,parameter_stagnation_two_outer_calls
electro,DSC_9293_DSC_9294,A,55,45.04535675048828,0,,55,45.04535675048828,0.0,1.4073188304901123,1.0,1.0,0.0,0,not_optimized
electro,DSC_9293_DSC_9294,C_Adam,55,22.12152671813965,0,,55,22.12152671813965,0.0,1.6876927614212036,0.9936329126358032,0.9686942897460491,1.489409273955971,150,fixed_150_steps
electro,DSC_9293_DSC_9294,C_LBFGS,55,16.859142303466797,0,,55,16.859142303466797,0.0,1.8237184286117554,1.000669240951538,0.9660176866717219,0.9892053541261703,98,parameter_stagnation_two_outer_calls
electro,DSC_9293_DSC_9294,C_LBFGS_time_matched,55,16.859142303466797,0,,55,16.859142303466797,0.0,1.8237184286117554,1.000669240951538,0.9660176866717219,0.9892053541261703,98,parameter_stagnation_two_outer_calls
electro,DSC_9293_DSC_9294,D_LBFGS,55,18.16867446899414,0,,55,18.16867446899414,0.0,1.9320106506347656,1.0066595077514648,0.9708034328815415,0.9937950092134997,102,parameter_stagnation_two_outer_calls
electro,DSC_9293_DSC_9294,D_LBFGS_time_matched,55,18.16867446899414,0,,55,18.16867446899414,0.0,1.9320106506347656,1.0066595077514648,0.9708034328815415,0.9937950092134997,102,parameter_stagnation_two_outer_calls
electro,DSC_9302_DSC_9303,A,28,17.313283920288086,5,1.7619069814682007,14,30.284143447875977,0.0,1.2112125158309937,1.0,1.0,0.0,0,not_optimized
electro,DSC_9302_DSC_9303,C_Adam,28,6.444140434265137,5,1.703787088394165,14,10.197487831115723,0.0,1.6815448999404907,0.8798915147781372,0.8790869428090833,1.465184348053299,150,fixed_150_steps
electro,DSC_9302_DSC_9303,C_LBFGS,28,6.120562553405762,5,2.697533369064331,14,8.360634803771973,0.0,1.802670955657959,0.847792387008667,0.8466060414914494,1.6006668619811535,159,parameter_stagnation_two_outer_calls
electro,DSC_9302_DSC_9303,C_LBFGS_time_matched,28,6.120562553405762,5,2.697533369064331,14,8.360634803771973,0.0,1.802670955657959,0.847792387008667,0.8466060414914494,1.4430803339928389,143,parameter_stagnation_two_outer_calls
electro,DSC_9302_DSC_9303,D_LBFGS,28,6.045350074768066,5,4.52950382232666,14,7.687880039215088,0.0,2.473315715789795,0.8629388809204102,0.8618017591813849,1.9678651060676202,205,parameter_stagnation_two_outer_calls
electro,DSC_9302_DSC_9303,D_LBFGS_time_matched,28,6.107435703277588,5,4.709729194641113,14,7.608689308166504,0.0,2.4776363372802734,0.8610132336616516,0.8597736192879171,1.3282808549702168,138,parameter_stagnation_two_outer_calls
