scene,pair,C_Adam,C_LBFGS,D_LBFGS
courtyard,DSC_0286_DSC_0287,0.08003016700968146,0.060820079990662634,0.058089389000087976
courtyard,DSC_0309_DSC_0311,0.057562002912163734,0.054206787957809865,0.06716937106102705
courtyard,DSC_0312_DSC_0313,0.04078387306071818,0.038688617991283536,0.03880523901898414
courtyard,DSC_0315_DSC_0317,0.08133024501148611,0.06566746206954122,0.06896996800787747
courtyard,DSC_0317_DSC_0318,0.04989983595442027,0.048406208981759846,0.04535115498583764
delivery_area,DSC_0675_DSC_0676,0.04583589895628393,0.045003611012361944,0.04613258200697601
delivery_area,DSC_0685_DSC_0686,0.10532567999325693,0.09632069792132825,0.08582608797587454
delivery_area,DSC_0695_DSC_0696,0.07180827704723924,0.0917401680490002,0.05428413802292198
delivery_area,DSC_0704_DSC_0705,0.04914005205500871,0.0688699099700898,0.04997383989393711
delivery_area,DSC_0717_DSC_0718,0.058653831016272306,0.10555624507833272,0.0537986719282344
electro,DSC_9257_DSC_9258,0.06876785005442798,0.06884886499028653,0.0694356559542939
electro,DSC_9264_DSC_9265,0.060585208935663104,0.060513476957567036,0.07095921004656702
electro,DSC_9271_DSC_9272,0.08004739403259009,0.06830422696657479,0.07369000802282244
electro,DSC_9293_DSC_9294,0.06602735002525151,0.058691859943792224,0.12984644796233624
electro,DSC_9302_DSC_9303,0.08022989891469479,0.06010158604476601,0.07394927192945033
