scene,pair,cell,n,mean_x,mean_y,C_error,D_error,D_gain,C_support_distance,D_support_distance
courtyard,DSC_0309_DSC_0311,0,4,58.0,38.0,199.6162109375,199.6162109375,0.0,54.521358489990234,53.81927490234375
courtyard,DSC_0309_DSC_0311,4,11,294.18182373046875,36.0,96.5427474975586,96.5427474975586,0.0,16.727272033691406,25.562541961669922
courtyard,DSC_0309_DSC_0311,8,6,40.0,105.33333587646484,198.2132568359375,198.2132568359375,0.0,62.45659255981445,52.99721145629883
courtyard,DSC_0309_DSC_0311,12,10,284.79998779296875,90.4000015258789,73.07361602783203,73.07361602783203,0.0,23.194869995117188,25.859119415283203
courtyard,DSC_0309_DSC_0311,16,6,30.66666603088379,144.0,197.9191436767578,197.9191436767578,0.0,63.42769241333008,38.99142074584961
courtyard,DSC_0309_DSC_0311,20,9,284.0,157.77777099609375,45.60636901855469,45.60636901855469,0.0,22.22222137451172,38.09796905517578
courtyard,DSC_0309_DSC_0311,24,9,31.55555534362793,228.0,186.043701171875,186.043701171875,0.0,77.25183868408203,41.07685089111328
courtyard,DSC_0309_DSC_0311,28,9,288.4444580078125,236.0,14.440584182739258,14.440584182739258,0.0,20.119478225708008,19.89238929748535
courtyard,DSC_0309_DSC_0311,32,7,41.71428680419922,292.0,178.14077758789062,178.14077758789062,0.0,86.4237060546875,27.50227928161621
courtyard,DSC_0309_DSC_0311,36,13,288.9230651855469,290.76922607421875,25.752042770385742,25.752042770385742,0.0,25.922008514404297,27.32745361328125
courtyard,DSC_0309_DSC_0311,40,6,41.33333206176758,356.0,192.138671875,192.138671875,0.0,90.3130874633789,27.91058921813965
courtyard,DSC_0309_DSC_0311,44,6,278.6666564941406,350.6666564941406,60.45060348510742,60.45060348510742,0.0,26.830808639526367,44.20197677612305
courtyard,DSC_0309_DSC_0311,48,6,42.66666793823242,414.6666564941406,210.46482849121094,210.46482849121094,0.0,45.660491943359375,41.57291030883789
courtyard,DSC_0309_DSC_0311,52,8,282.0,425.0,100.38231658935547,100.38231658935547,0.0,31.5937557220459,34.702293395996094
courtyard,DSC_0309_DSC_0311,56,4,30.0,476.0,251.1390380859375,251.1390380859375,0.0,52.6729736328125,49.984458923339844
courtyard,DSC_0309_DSC_0311,60,14,286.28570556640625,486.28570556640625,149.07176208496094,149.07176208496094,0.0,32.43375015258789,27.40380859375
courtyard,DSC_0315_DSC_0317,0,11,28.727272033691406,39.6363639831543,28.750049591064453,29.902244567871094,-1.1521960496902466,39.272727966308594,41.99358367919922
courtyard,DSC_0315_DSC_0317,4,2,260.0,36.0,16.00601577758789,29.889190673828125,-13.883174896240234,8.0,11.313708305358887
courtyard,DSC_0315_DSC_0317,8,7,20.0,100.0,30.500776290893555,30.91958236694336,-0.4188045859336853,55.1844367980957,55.028160095214844
courtyard,DSC_0315_DSC_0317,12,3,260.0,97.33333587646484,10.5999174118042,14.37055492401123,-3.770636796951294,8.0,10.209139823913574
courtyard,DSC_0315_DSC_0317,16,16,28.5,173.5,22.392555236816406,23.129531860351562,-0.7369743585586548,40.0,42.833160400390625
courtyard,DSC_0315_DSC_0317,20,4,260.0,156.0,8.103347778320312,13.44482135772705,-5.341472625732422,8.0,9.656854629516602
courtyard,DSC_0315_DSC_0317,24,21,30.285715103149414,220.0,20.58730125427246,21.31639289855957,-0.7290911674499512,37.80421829223633,43.68167495727539
courtyard,DSC_0315_DSC_0317,28,4,260.0,228.0,6.928684234619141,9.053309440612793,-2.1246252059936523,8.0,12.128990173339844
courtyard,DSC_0315_DSC_0317,32,8,21.0,285.0,25.017250061035156,23.686439514160156,1.330809473991394,47.0,47.43164825439453
courtyard,DSC_0315_DSC_0317,36,1,260.0,260.0,10.83867359161377,7.630026817321777,3.208646774291992,8.0,8.0
courtyard,DSC_0315_DSC_0317,40,31,37.290321350097656,362.19354248046875,29.263999938964844,18.166330337524414,11.097674369812012,41.18364334106445,30.791955947875977
courtyard,DSC_0315_DSC_0317,48,47,29.36170196533203,409.6170349121094,60.441001892089844,31.689502716064453,28.751502990722656,78.7568588256836,39.7857666015625
courtyard,DSC_0315_DSC_0317,56,2,40.0,468.0,97.62113952636719,60.24079895019531,37.380340576171875,124.26464080810547,55.62446594238281
delivery_area,DSC_0695_DSC_0696,0,4,48.0,32.0,7.2488932609558105,3.7221086025238037,3.5267844200134277,44.556766510009766,54.65098571777344
delivery_area,DSC_0695_DSC_0696,4,1,300.0,36.0,32.75655746459961,22.951305389404297,9.805252075195312,24.0,25.298221588134766
delivery_area,DSC_0695_DSC_0696,8,2,52.0,88.0,3.003848075866699,1.9134730100631714,1.0903751850128174,16.0,24.944271087646484
delivery_area,DSC_0695_DSC_0696,12,1,316.0,68.0,31.545127868652344,22.8315372467041,8.713590621948242,8.0,11.313708305358887
delivery_area,DSC_0695_DSC_0696,16,3,46.66666793823242,166.6666717529297,1.3328722715377808,1.6206821203231812,-0.28780972957611084,21.33333396911621,37.28108215332031
delivery_area,DSC_0695_DSC_0696,20,3,316.0,158.6666717529297,51.2105712890625,34.26071548461914,16.949853897094727,25.15727424621582,36.55925369262695
delivery_area,DSC_0695_DSC_0696,24,2,48.0,244.0,0.6452362537384033,1.3889087438583374,-0.7436724901199341,20.0,31.57168960571289
delivery_area,DSC_0695_DSC_0696,32,2,24.0,300.0,2.8904857635498047,1.691306710243225,1.1991791725158691,44.776695251464844,56.075592041015625
delivery_area,DSC_0695_DSC_0696,36,3,313.3333435058594,286.6666564941406,39.42519760131836,27.379262924194336,12.045928955078125,12.400750160217285,17.27655601501465
delivery_area,DSC_0695_DSC_0696,40,9,26.22222137451172,351.5555419921875,12.156404495239258,9.863834381103516,2.2925689220428467,46.14445495605469,46.98521041870117
delivery_area,DSC_0695_DSC_0696,44,2,296.0,348.0,39.210960388183594,28.364377975463867,10.846582412719727,32.0,28.649110794067383
delivery_area,DSC_0695_DSC_0696,48,3,25.33333396911621,412.0,23.796518325805664,19.746049880981445,4.050468921661377,49.00270080566406,52.11520767211914
delivery_area,DSC_0695_DSC_0696,52,1,276.0,404.0,29.462636947631836,24.014787673950195,5.447849273681641,48.0,57.688819885253906
delivery_area,DSC_0695_DSC_0696,56,1,36.0,452.0,25.370098114013672,23.171382904052734,2.1987152099609375,32.98484420776367,51.22499465942383
