scene,pair,group,rop_cpu_seconds,roma_gpu_seconds,optimizer_cpu_seconds,postprocess_cpu_seconds,mixed_total_seconds,objective_evals,gradient_evals,outer_calls,termination_reason
courtyard,DSC_0286_DSC_0287,A,1.5616368120536208,0.0,0.0,0.0,1.5616368120536208,0,0,0,not_optimized
courtyard,DSC_0286_DSC_0287,C_Adam,1.5616368120536208,7.850311303976923,1.5123947570100427,0.08003016700968146,11.004373040050268,150,150,0,fixed_150_steps
courtyard,DSC_0286_DSC_0287,C_LBFGS,1.5616368120536208,7.850311303976923,0.5660570720210671,0.060820079990662634,10.038825268042274,64,64,4,parameter_stagnation_two_outer_calls
courtyard,DSC_0286_DSC_0287,D_LBFGS,1.5616368120536208,7.850311303976923,0.6223234072094783,0.058089389000087976,10.09236091224011,85,85,5,parameter_stagnation_two_outer_calls
courtyard,DSC_0309_DSC_0311,A,1.9679053339641541,0.0,0.0,0.0,1.9679053339641541,0,0,0,not_optimized
courtyard,DSC_0309_DSC_0311,C_Adam,1.9679053339641541,0.3159070119727403,1.2786345729837194,0.057562002912163734,3.6200089218327776,150,150,0,fixed_150_steps
courtyard,DSC_0309_DSC_0311,C_LBFGS,1.9679053339641541,0.3159070119727403,1.612819634960033,0.054206787957809865,3.9508387688547373,203,203,10,parameter_stagnation_two_outer_calls
courtyard,DSC_0309_DSC_0311,D_LBFGS,1.9679053339641541,0.3159070119727403,1.4399696150794625,0.06716937106102705,3.790951332077384,186,186,9,parameter_stagnation_two_outer_calls
courtyard,DSC_0312_DSC_0313,A,2.2213614819338545,0.0,0.0,0.0,2.2213614819338545,0,0,0,not_optimized
courtyard,DSC_0312_DSC_0313,C_Adam,2.2213614819338545,0.32128067302983254,1.321917699999176,0.04078387306071818,3.905343728023581,150,150,0,fixed_150_steps
courtyard,DSC_0312_DSC_0313,C_LBFGS,2.2213614819338545,0.32128067302983254,0.4539138521067798,0.038688617991283536,3.0352446250617504,54,54,4,parameter_stagnation_two_outer_calls
courtyard,DSC_0312_DSC_0313,D_LBFGS,2.2213614819338545,0.32128067302983254,0.5092521250480786,0.03880523901898414,3.09069951903075,65,65,4,parameter_stagnation_two_outer_calls
courtyard,DSC_0315_DSC_0317,A,1.9361001800280064,0.0,0.0,0.0,1.9361001800280064,0,0,0,not_optimized
courtyard,DSC_0315_DSC_0317,C_Adam,1.9361001800280064,0.3185381250223145,1.2476516789756715,0.08133024501148611,3.5836202290374786,150,150,0,fixed_150_steps
courtyard,DSC_0315_DSC_0317,C_LBFGS,1.9361001800280064,0.3185381250223145,1.2663527777185664,0.06566746206954122,3.5866585448384285,154,154,9,parameter_stagnation_two_outer_calls
courtyard,DSC_0315_DSC_0317,D_LBFGS,1.9361001800280064,0.3185381250223145,1.3540739180753008,0.06896996800787747,3.677682191133499,165,165,10,parameter_stagnation_two_outer_calls
courtyard,DSC_0317_DSC_0318,A,1.608841669978574,0.0,0.0,0.0,1.608841669978574,0,0,0,not_optimized
courtyard,DSC_0317_DSC_0318,C_Adam,1.608841669978574,0.31713810900691897,1.375541812973097,0.04989983595442027,3.35142142791301,150,150,0,fixed_150_steps
courtyard,DSC_0317_DSC_0318,C_LBFGS,1.608841669978574,0.31713810900691897,3.681631485465914,0.048406208981759846,5.656017473433167,351,351,15,max_outer_15
courtyard,DSC_0317_DSC_0318,D_LBFGS,1.608841669978574,0.31713810900691897,3.721427169512026,0.04535115498583764,5.6927581034833565,362,362,15,max_outer_15
delivery_area,DSC_0675_DSC_0676,A,1.6455787579761818,0.0,0.0,0.0,1.6455787579761818,0,0,0,not_optimized
delivery_area,DSC_0675_DSC_0676,C_Adam,1.6455787579761818,3.4773658100748435,1.6647391370497644,0.04583589895628393,6.833519604057074,150,150,0,fixed_150_steps
delivery_area,DSC_0675_DSC_0676,C_LBFGS,1.6455787579761818,3.4773658100748435,0.5407260759966448,0.045003611012361944,5.708674255060032,68,68,5,parameter_stagnation_two_outer_calls
delivery_area,DSC_0675_DSC_0676,D_LBFGS,1.6455787579761818,3.4773658100748435,0.8049308399204165,0.04613258200697601,5.974007989978418,107,107,6,parameter_stagnation_two_outer_calls
delivery_area,DSC_0685_DSC_0686,A,1.7213087709387764,0.0,0.0,0.0,1.7213087709387764,0,0,0,not_optimized
delivery_area,DSC_0685_DSC_0686,C_Adam,1.7213087709387764,0.32586024689953774,1.640312570030801,0.10532567999325693,3.792807267862372,150,150,0,fixed_150_steps
delivery_area,DSC_0685_DSC_0686,C_LBFGS,1.7213087709387764,0.32586024689953774,0.5948477449128404,0.09632069792132825,2.738337460672483,74,74,5,parameter_stagnation_two_outer_calls
delivery_area,DSC_0685_DSC_0686,D_LBFGS,1.7213087709387764,0.32586024689953774,0.7632688190788031,0.08582608797587454,2.896263924892992,102,102,6,parameter_stagnation_two_outer_calls
delivery_area,DSC_0695_DSC_0696,A,1.6436959110433236,0.0,0.0,0.0,1.6436959110433236,0,0,0,not_optimized
delivery_area,DSC_0695_DSC_0696,C_Adam,1.6436959110433236,0.3246074649505317,1.5503376219421625,0.07180827704723924,3.590449274983257,150,150,0,fixed_150_steps
delivery_area,DSC_0695_DSC_0696,C_LBFGS,1.6436959110433236,0.3246074649505317,1.551505635958165,0.0917401680490002,3.6115491800010204,190,190,10,parameter_stagnation_two_outer_calls
delivery_area,DSC_0695_DSC_0696,D_LBFGS,1.6436959110433236,0.3246074649505317,1.6544101143954322,0.05428413802292198,3.6769976284122095,217,217,11,parameter_stagnation_two_outer_calls
delivery_area,DSC_0704_DSC_0705,A,1.6238577619660646,0.0,0.0,0.0,1.6238577619660646,0,0,0,not_optimized
delivery_area,DSC_0704_DSC_0705,C_Adam,1.6238577619660646,0.31452958995942026,1.6355554650072008,0.04914005205500871,3.6230828689876944,150,150,0,fixed_150_steps
delivery_area,DSC_0704_DSC_0705,C_LBFGS,1.6238577619660646,0.31452958995942026,0.8542119390331209,0.0688699099700898,2.8614692009286955,105,105,6,parameter_stagnation_two_outer_calls
delivery_area,DSC_0704_DSC_0705,D_LBFGS,1.6238577619660646,0.31452958995942026,0.6468883969355375,0.04997383989393711,2.6352495887549594,82,82,5,parameter_stagnation_two_outer_calls
delivery_area,DSC_0717_DSC_0718,A,1.6128906700760126,0.0,0.0,0.0,1.6128906700760126,0,0,0,not_optimized
delivery_area,DSC_0717_DSC_0718,C_Adam,1.6128906700760126,0.304932750063017,1.571697300998494,0.058653831016272306,3.548174552153796,150,150,0,fixed_150_steps
delivery_area,DSC_0717_DSC_0718,C_LBFGS,1.6128906700760126,0.304932750063017,1.3364052791148424,0.10555624507833272,3.3597849443322048,136,136,7,parameter_stagnation_two_outer_calls
delivery_area,DSC_0717_DSC_0718,D_LBFGS,1.6128906700760126,0.304932750063017,1.6568379468517378,0.0537986719282344,3.628460038919002,172,172,8,parameter_stagnation_two_outer_calls
electro,DSC_9257_DSC_9258,A,2.0127661740407348,0.0,0.0,0.0,2.0127661740407348,0,0,0,not_optimized
electro,DSC_9257_DSC_9258,C_Adam,2.0127661740407348,2.997196174925193,1.6042419229634106,0.06876785005442798,6.6829721219837666,150,150,0,fixed_150_steps
electro,DSC_9257_DSC_9258,C_LBFGS,2.0127661740407348,2.997196174925193,0.9796037669293582,0.06884886499028653,6.058414980885573,98,98,6,parameter_stagnation_two_outer_calls
electro,DSC_9257_DSC_9258,D_LBFGS,2.0127661740407348,2.997196174925193,0.8833795519312844,0.0694356559542939,5.962777556851506,90,90,6,parameter_stagnation_two_outer_calls
electro,DSC_9264_DSC_9265,A,1.8103267359547317,0.0,0.0,0.0,1.8103267359547317,0,0,0,not_optimized
electro,DSC_9264_DSC_9265,C_Adam,1.8103267359547317,0.31930724903941154,1.6253217300400138,0.060585208935663104,3.81554092396982,150,150,0,fixed_150_steps
electro,DSC_9264_DSC_9265,C_LBFGS,1.8103267359547317,0.31930724903941154,0.9684435270028189,0.060513476957567036,3.158590988954529,95,95,6,parameter_stagnation_two_outer_calls
electro,DSC_9264_DSC_9265,D_LBFGS,1.8103267359547317,0.31930724903941154,1.1253383100265637,0.07095921004656702,3.325931505067274,117,117,7,parameter_stagnation_two_outer_calls
electro,DSC_9271_DSC_9272,A,2.005040389019996,0.0,0.0,0.0,2.005040389019996,0,0,0,not_optimized
electro,DSC_9271_DSC_9272,C_Adam,2.005040389019996,0.31974327797070146,1.518238122924231,0.08004739403259009,3.9230691839475185,150,150,0,fixed_150_steps
electro,DSC_9271_DSC_9272,C_LBFGS,2.005040389019996,0.31974327797070146,1.0642472861800343,0.06830422696657479,3.4573351801373065,106,106,6,parameter_stagnation_two_outer_calls
electro,DSC_9271_DSC_9272,D_LBFGS,2.005040389019996,0.31974327797070146,1.0182413368020207,0.07369000802282244,3.4167150118155405,103,103,6,parameter_stagnation_two_outer_calls
electro,DSC_9293_DSC_9294,A,1.7452713730745018,0.0,0.0,0.0,1.7452713730745018,0,0,0,not_optimized
electro,DSC_9293_DSC_9294,C_Adam,1.7452713730745018,0.31852806103415787,1.489409273955971,0.06602735002525151,3.619236058089882,150,150,0,fixed_150_steps
electro,DSC_9293_DSC_9294,C_LBFGS,1.7452713730745018,0.31852806103415787,0.9892053541261703,0.058691859943792224,3.111696648178622,98,98,6,parameter_stagnation_two_outer_calls
electro,DSC_9293_DSC_9294,D_LBFGS,1.7452713730745018,0.31852806103415787,0.9937950092134997,0.12984644796233624,3.1874408912844956,102,102,6,parameter_stagnation_two_outer_calls
electro,DSC_9302_DSC_9303,A,1.6886597010307014,0.0,0.0,0.0,1.6886597010307014,0,0,0,not_optimized
electro,DSC_9302_DSC_9303,C_Adam,1.6886597010307014,0.31847574992571026,1.465184348053299,0.08022989891469479,3.5525496979244053,150,150,0,fixed_150_steps
electro,DSC_9302_DSC_9303,C_LBFGS,1.6886597010307014,0.31847574992571026,1.6006668619811535,0.06010158604476601,3.667903898982331,159,159,8,parameter_stagnation_two_outer_calls
electro,DSC_9302_DSC_9303,D_LBFGS,1.6886597010307014,0.31847574992571026,1.9678651060676202,0.07394927192945033,4.048949828953482,205,205,10,parameter_stagnation_two_outer_calls
